co2_emissions,energy_consumption,tourism_activity,impact
-0.3308490728396241,-1.1407908961204678,-0.5234789938127448,0
0.02165167112176065,-1.730981976950672,-0.3197797715202944,0
-0.34940768978631437,1.9155992977138063,1.4695082348756614,1
-0.47728354320944344,-0.9141575408066306,-0.010452234686103226,0
1.5841888313070125,-1.265590068184996,1.9594836558090543,1
-0.30816750320138603,0.5536392083062616,-0.6427306562332313,0
0.4014817943713263,2.432431052008612,-1.0659873202899852,1
-0.49170762925600986,-0.25882411059189137,0.08768594586641358,0
0.532598283776143,1.9849100179679575,0.8288497512859069,1
-0.4907397189619515,0.08873982605693863,-0.06826220367554968,0
1.3822469603598873,-1.240764818396249,-0.6179177055629475,1
1.331208292141924,1.3343742479814742,0.038789082378295175,1
-1.6110376745680663,-1.034077584240604,0.24746964885823122,0
-0.5711560792001062,1.370725766158099,-0.07821112149386869,1
0.03393880769747551,-0.39014937045021525,0.871673560919673,0
-0.9603546468498266,1.1724126881144719,-0.08815556572087337,1
-0.7686542119070215,1.2531460172571605,0.46611327163273064,1
0.3933741833910459,-1.690934113422873,0.9412413363173869,1
0.7481405402872078,-1.2480892593818655,-1.185146782579048,1
-2.002750634967797,-0.22217899219192777,-0.378153916184239,0
0.09434548973738345,-1.0124923945743236,3.2091479040907225,0
1.0422290672995718,0.7402055556111391,2.045426067799166,1
-1.9918777877239064,-0.4862428111906401,0.09565192529097793,0
-1.8603751526197696,1.3388989356578902,0.1468879852678545,1
-0.20134745817691754,-0.3523739676202347,-2.0867370174976343,0
0.6456780744080167,-0.023769335212330583,-0.8352092165840684,1
-2.002750634967797,-0.7067669328508493,2.501081915558127,0
0.29558017911486284,-1.2928203166530086,1.0845602903995168,0
0.17103423835418968,-0.19603768896385587,-1.5863391123392625,0
-0.9220568812293211,0.4447111145215157,0.9973792408309836,0
-0.517285233840625,0.8946000016952861,-2.0867370174976343,1
-1.06884708966149,0.2773761836093738,-1.0005124202680011,0
-1.0209454517003782,-0.47005614540337787,1.7680010097455954,0
-2.002750634967797,-0.12208646241747413,-1.1663856682030143,0
-1.127155944346363,0.5825772128098423,0.5099152566476007,1
1.8978993541676263,-1.8072245201130837,-1.0229272627499848,1
0.19739652130953536,-1.4988931706216981,0.805448419994642,0
0.7094178081107769,0.5805335589242427,-1.108959759592967,1
0.19493816505984662,-0.7058955256336409,2.084030172919272,0
-0.731559128778063,1.4530700543979802,-0.3839732283330778,1
1.555631957120058,-0.752921233667679,-0.33311982649558014,1
-1.4597661135312865,-0.034883897670718436,-1.0051947587944883,0
-0.627199132169413,-0.17062922984941253,-0.1439705306267515,0
0.0033115217832697837,-0.06331287816458613,0.2981150165219974,0
1.3005648267992607,-0.05622379206110551,0.6148530752459823,1
-0.10501087007917723,1.8899058230270036,0.6111887743746455,1
-1.257667904438637,0.231926928374449,0.5712031643531791,0
-0.33845186631655133,-0.5271051913052576,1.2337470758970601,0
-0.8680841183608754,0.3088379245763543,-0.5845232423642055,0
-0.18540817905071852,-1.9802036757420107,0.7979500223241155,0
1.5087113942102643,-0.41722154524423793,-1.5103519220292032,1
-2.002750634967797,0.693095805714441,0.6100807555059452,1
-1.754259535418739,1.2979909440220097,0.17407873133761373,1
1.4091908066546806,-0.17649313081845025,0.5128155828511969,1
-0.14669018531368577,1.1534782696867252,0.2008598673442318,1
2.147502790046867,0.4167464752837481,1.7214820105771014,1
0.7534770883721315,1.828051148844411,-0.8963424389748739,1
0.6043125982960048,-0.8982702490815934,-0.19590386870418877,1
0.11060630392187697,-1.192337976646396,-0.21573354335003342,0
-0.27101638128511407,0.3207570397506219,0.20710556461679658,0
-1.0446806202309922,-0.44578811105574384,1.7323867793484682,0
-0.2573283629717969,0.5220860237144386,0.9056316173399261,0
0.2437566360527702,-2.020238336192698,-1.1248161508671886,0
1.6693385436338517,-0.20008703077748324,-1.857266691752521,1
-0.32769394831833304,0.3190219160283223,0.13465624816071173,0
0.6569630635886475,-1.2111438742707696,0.5403304722993945,1
0.0018169060176016403,1.0250949561747449,-0.3866683393524881,1
-0.9005471783215515,0.6142893972633944,-1.012783798897436,1
1.5624102519541698,-0.9587153790413256,0.46609099280597627,1
-0.6507149343039942,-0.5888127693314931,-1.0059353011298253,0
-0.03590912325992894,-0.6548035038471406,-0.02829193279186769,0
1.1603908471804036,0.1222212535443488,-2.0867370174976343,1
0.3556300820952705,0.6339261601071328,-0.061119169174485184,1
-1.3383627953464916,0.25615077273130543,-0.14614162983613635,0
0.5655399327691154,-1.0754125381045678,-0.33889062611439996,1
0.5363926113185554,-0.6376492324434452,0.9577407427343945,1
-0.9464279728187927,-0.10557123604460995,0.42743602409784154,0
1.3816209794787326,-0.9100431568785452,-1.2469130406823685,1
0.34361221387188484,-0.44572712971984146,0.6091360089880039,0
0.6071081715077434,0.6990447005329794,-1.0939183454512051,1
-0.9110699683910799,-0.46406527028709404,-0.22431834228137704,0
0.6808272278207439,-0.9067758038867413,-1.864810502619156,1
0.8585188466349765,1.5951410488916753,0.697345205709307,1
-0.24397300655630372,0.3156934191662772,1.7882332272892465,0
1.152846711512382,-0.8003589907592549,0.61256499626159,1
0.12862373374815528,0.11128308857169658,0.9034973163080465,0
-0.8875623672016995,0.10391511289247697,0.4095744145667174,0
-1.128717952358985,-0.06335423154416829,-0.7296226484792402,0
-1.1479819676453302,-0.23700651488076116,-0.6362254963646041,0
-0.2783961932554707,-1.9150115086797213,1.23593394797479,0
-1.61346840000482,0.30384831774396814,0.07435990862756259,0
-0.06874046481003862,-0.41455792734317826,0.580035190222284,0
1.95729716713522,-0.6541095802578353,0.9894694266639409,1
-0.1443909313511471,-0.6843850669343371,0.8868368616401208,0
-0.14068194894244412,0.03809690857727072,-1.5917133184755294,0
-0.5790993431969855,-1.3194140677514494,0.6942469455020596,0
-0.5495275776642047,-1.6363170877920448,1.5123153103863756,0
1.0726552580121969,-0.3136315203042759,1.1513216072817423,1
0.7701592454777705,0.5701687338310586,-0.8607757002604478,1
-0.7702193828295013,0.9567892037956273,-0.6527433681995302,1
-1.2019987178930898,1.7435942096022319,-1.3182565374961561,1
0.371630854900385,0.5987639082660713,1.7993063011368258,1
-1.6975893164906342,1.6968588846435921,2.0510788066848544,1
-0.2864298664099468,-0.46192383264749054,-0.25168959747565745,0
-0.10499788973663171,-0.5283301984259009,-0.07796258455508302,0
0.225340298696311,-0.13834220916851336,-1.7037619941566207,0
0.9860564867992019,0.06811373862328092,0.9088364830260949,1
0.21730995062021222,-1.7520637112142734,1.5035127699042483,0
0.4297921807247917,2.643561549296845,0.8939783653884061,1
-1.075569080001406,0.44712499325147165,0.6608825967809775,0
1.0509449037871919,-2.020238336192698,0.8653574231094382,1
0.6362223191006234,0.060083809601170914,0.47691848447182683,1
-0.4593303718274317,1.100046723470366,0.38937136320093413,1
1.7965606599941513,1.8753041314820371,0.010822365389327241,1
-0.5618073657189888,1.1925578854584573,-0.8262400048996321,1
0.49635618938818,2.5995377215015383,-0.7557593831671463,1
-0.7712093293304758,0.9093828674296072,-1.948419928706852,1
0.8639517935093971,0.47346433941132715,0.6944960218835139,1
-0.5887239749792783,0.29372157191802484,-0.7834562078169289,0
0.9641034744126705,-0.8266762077399119,0.9004934129665043,1
-2.002750634967797,0.7920925431674509,-0.4805236866078097,1
0.5149588417410146,1.560166177213802,-0.12096311944174082,1
0.7492217053330188,-0.2658579130910062,-0.4118958079259856,1
0.03030714557566107,-0.015281286387415601,-0.47311840420391654,0
-0.2849271954428371,-0.12352637734246469,-0.2642369012891842,0
-0.643439471122946,0.6333410803465872,3.0424708668880096,1
0.2270317600167124,0.3655987519474406,0.4959744091891238,0
-1.5061133999129854,0.877094481976246,0.8769204673954903,1
-0.1281585509216689,-0.20953476747462169,1.5741849264304768,0
0.4646978942405649,0.3827253628446043,0.5994015660090539,1
-1.4917756099729602,1.0598646153505646,1.0470150412813486,1
1.1146032288931023,0.7585996918379558,1.8465942828250774,1
-1.429116319666099,0.6771201262681185,-1.1113952256111093,1
1.109836582567798,0.7947260457774845,-0.5108938450645644,1
0.48873389265186823,1.3587787763447587,-0.7137007701087213,1
0.6812973855453786,-1.1844647474961278,0.8555216561113922,1
-1.358681053417399,0.6087661502087248,0.13621018039229865,1
-0.23869539383794425,0.2261326591800024,-0.5992785326944392,0
-1.4614812119529643,-0.4031860420678399,-2.0867370174976343,0
-0.0963139416093112,0.248191730610068,0.5617789511737503,0
0.2959363136584521,0.3476366681114075,1.4921989051207751,0
-0.49548309618377345,0.9425796753608644,1.7204038061502245,1
-0.10777167851847652,0.022226059909489886,-0.34543839003532517,0
2.2494489383876712,-1.2682929729576182,0.5530799520740028,1
1.1984560670940314,-0.4623044429201019,-0.10042513273496763,1
2.1146123613570915,0.47019647043749596,1.071482378651345,1
1.1863370285843213,-0.9913522032878929,1.925105027394621,1
1.301382910845491,0.29615172214121305,0.32755003116214804,1
0.07329494100437545,-0.15919566021265882,0.32468547037021833,0
-0.614004540268396,0.01580935901553817,-0.4207049782155115,0
-0.9186723319135215,1.3511905898559062,-0.38440459798997323,1
-1.0479404916860988,1.1665674876240604,-1.1407649013591923,1
0.6467398104177273,-0.4671438164254042,4.055175532742198,1
-0.6982501753649416,0.2722738166446401,0.9459727718996667,0
-0.5401163045580182,2.4873801568354823,1.0005312561633304,1
0.04365284755861914,0.3501013181828997,0.006379984020392141,0
-0.8893961889886833,-0.7747510671825429,1.076280786999596,0
0.6432740425333175,-1.1635112655962496,-1.6007800143421982,1
1.1762834244757605,-1.05466609528312,-1.1453819678409742,1
0.24253779617105153,-0.2639096346132971,-0.24527588894435604,0
0.9823673775188531,-0.9513399448419008,-0.05900980272697503,1
0.32425993337893516,0.12167446867991857,0.37169700038662407,0
1.5836003612518965,0.9095975701310983,-0.6084275725930538,1
-0.09277877038039603,0.2333988341851353,-0.9634856719389359,0
0.9738485196473157,0.9699501961229222,1.6241110574124313,1
-0.6520102497409406,0.5478227609143241,0.20333900904525665,0
0.9833897668717198,0.11552216471651179,-1.6189280850308418,1
-1.3226187523564226,0.24469772735292952,-1.4267348763785876,0
0.9603840708054068,-0.05227860250965427,0.9086450067885686,1
-0.6902117862251699,-1.3170960378428949,-1.159022889321277,0
-0.811161472697021,0.7953884467347831,0.4693800685500747,1
0.6023514424111395,-0.3342749615034686,1.0691720172128218,1
0.20883287817056392,-0.3923805734831174,0.15680643105285447,0
0.32702050521852244,-0.1498995912726402,0.14333036656853693,0
1.6140364920631407,0.8385014914344194,-0.012701240091685325,1
-0.7820622537559141,0.16068248807549027,-0.32135254486234077,0
3.173004044534337,-1.001165759632829,-1.4012725554023209,1
1.5988912413623702,-1.4093075915129212,0.19054607382132352,1
-0.3475695674149349,1.702587470615912,-0.5687682388472626,1
0.17670567482754831,0.8402002035950041,-0.3468844098961464,1
-0.7155759171603567,0.5018643513842238,-0.43580025993103655,0
0.7851163204023568,-0.06922871659454218,1.5301337727951567,1
0.254696322715289,-0.2505570220405044,-0.44197872741211247,0
2.2010982528850125,-0.9146689989615581,-1.2692009571236569,1
2.378563085261806,-1.3108646131954145,-0.3853318890551841,1
-0.7554260762793544,0.16158842996978998,-0.08047477787214023,0
0.9351790390387444,0.7179349186503083,0.5774288519819343,1
-1.1319303360896544,1.5799862904010953,0.683398233166927,1
0.18900140841388668,0.7406881252223106,1.5576299242540201,1
0.6187762131271368,-0.8515086903067277,-0.5229789978245024,1
0.7146121240085751,0.885536315580926,1.575289697761037,1
0.15052326170946495,-0.5588577977908322,-0.43812812864195033,0
0.31140767693584614,-1.1176117038163689,1.1071851102925108,0
0.24011316473619337,-0.7290128800716718,-0.35452854518062094,0
0.8355475531647427,-0.9393490939763256,-0.84310512701793,1
-0.900022917644329,-0.1116766166024487,-0.5075026690428522,0
0.6198573054050226,-0.8662910619882578,1.3752941530637484,1
-2.002750634967797,0.10150200813556243,-1.3532428763184936,0
0.1645236463224672,0.8980265480420786,-0.7998289783833411,1
0.6385617081085012,-0.9953686744664677,-1.3009028223059689,1
-0.5935298226334835,1.6974567207698088,-2.0867370174976343,1
0.7598396933133654,0.3219810987542896,0.025367928597512048,1
-0.6273244374975322,-2.020238336192698,0.042982753212581035,0
-1.7548407729657884,-1.9102715918711506,-0.9740457047168711,0
0.4724079698858303,-0.5252914474014502,0.4599717220325771,1
0.5889323155122974,0.04511345018761585,0.332059617449135,1
-0.608643848201618,-2.020238336192698,-0.13440957831746728,0
0.401638274518259,-0.4858902574407662,-0.006630377172590454,1
-0.4279303533330491,0.32314928593408093,-0.9126384589235238,0
-0.9257757426115861,0.9005349030812424,1.276026885841249,1
0.49310312214992186,1.4765200005312022,0.07506834246469368,1
1.0884638444888917,-2.020238336192698,-0.758943596127515,1
-1.415767497602405,-0.17106769718675063,-0.6873628595791862,0
-0.2901763781485321,0.08946854876412372,0.6910207700167927,0
0.8971871629567405,-0.8274461083927898,0.36820194563654024,1
0.1917402475927613,1.057161722187538,-0.8621645034428307,1
-0.572881967026048,-1.0178935706009624,-0.3553880374744678,0
-1.07146752191158,0.8982970116313108,1.6058167293586423,1
0.07563885409813455,-1.1422297210334256,-0.2521133646701213,0
-1.0046655471625,0.5198008567012057,-0.25688924079347664,0
-0.971550204457962,-0.41589264127252223,0.6445923485061437,0
1.119307186690155,-0.17873282691552253,-2.0867370174976343,1
0.18388772353567748,-0.4977159115004641,-0.8085082730570811,0
-1.9723876161703566,-1.6977968917440895,0.8757423261618371,0
0.7182939336264572,-0.6870206915204576,-0.19465015678644873,1
-0.014530903261334124,-1.0484047204588616,-1.7834447901132844,0
-0.566384780925281,2.057823536289715,-2.0867370174976343,1
-0.22062149464614195,-2.020238336192698,-0.15632177630834726,0
-1.3685894952863384,2.0431458444619834,-1.0840513550347592,1
1.18153610232887,-1.212533243596361,-0.7142498553798069,1
-2.002750634967797,-1.4590902900716707,0.4649261883984149,0
0.5122611767334552,-0.10110494721405006,-1.080784233726339,1
-0.04738937227824283,-0.6802437448745589,1.2420999372815527,0
-0.13888376160856306,0.6921157404220022,-0.6151138307757444,1
0.04494095418905185,0.11288205108675373,0.676611168643552,0
0.22390866460967976,2.0562888909343675,-0.8110844999289507,1
-1.1408587362118177,0.8623639948674761,-0.20090730205847088,1
0.0739171566651582,-0.5427570829997311,-1.1711089411523294,0
-0.5794815051642487,1.581917667887498,-2.0867370174976343,1
0.10670958982924335,3.2098664988449963,0.678712961129444,1
-1.7041067767749791,0.3417200608682308,-0.20177009008274252,0
0.3122334390377556,0.217635500692394,-0.3245334315186849,0
0.10554866282078178,0.5272234684273466,-1.9957986694217615,0
-1.1779011559456627,-0.4497606528144652,1.0541361400018134,0
-0.8560271515153174,0.39845244859992407,0.4347660389626638,0
0.6301819658777954,-1.1335973365559993,-0.06900447108739372,1
-0.47138194199572847,0.9775768077933521,0.30868761038570314,1
-0.014105219213663566,-1.8323763120947376,-1.6801195677480538,0
0.08301744065662607,-0.10890475212182621,-1.43084293387853,0
-0.41374953295623246,-1.0371998882347435,-0.5724026304467964,0
0.23041444356290314,0.6299543394332944,-0.6623982825087044,1
-0.7874535532595954,0.71927591079097,-0.6198444362070589,1
1.8762566990623124,0.0555938204261398,-0.6876309822769564,1
-0.8807547976232621,-1.7832980961815008,1.167692141311596,0
1.807642235795004,0.15595292328533925,-0.20995367684516897,1
-1.0797460256620202,-0.43078184316295015,1.7478737026597626,0
1.8921082144568677,0.20381051173338088,-0.5318675506523612,1
1.1070457600620507,0.4789036568294277,0.6344490680951941,1
-0.8253110901873957,-0.30132024459971474,1.4872641877458532,0
-1.6223970242521941,0.38515406057838597,-1.1773484076288834,0
-2.002750634967797,0.942805813514037,-0.6540808206890735,1
2.5330218909979965,0.4262201568471772,-1.0526108666667786,1
-0.48948264119866486,-0.06384737491703489,1.2298031017255677,0
1.3540883741362055,0.20937580745341436,-0.644688846593396,1
-0.9615608271915967,0.3893689836045008,-1.9273271612300782,0
-0.19528446706038444,1.058299098790521,-1.246649002928457,1
-0.22758849147249344,0.06992116948698376,0.7538347387494132,0
0.0926273870399255,0.1918718434201865,0.3390337664937862,0
-1.9038716033322272,1.0382437068284411,0.48630386451567187,1
-1.1037988887677306,0.30803601884827486,0.23416661333040248,0
0.5071594382695245,-0.3441563901242823,-1.2040028689201605,1
-0.7574347608466037,0.6655818006702168,0.6309006758864767,1
-0.6047743403730511,-1.3541567191380026,0.8868353360693074,0
0.5059417190138584,-0.2879317196778181,1.4913769116062474,1
-0.8857600649455871,-0.7183152336712949,0.504935970218844,0
-0.25732272262593925,-0.7472916814158238,-1.1852860587994947,0
-1.09472678363563,0.6865107669740201,0.7581678651001722,1
-2.002750634967797,-0.19464062634623697,0.9761164302465745,0
1.9233864531251665,-1.0691065901728767,-0.20519141530128734,1
0.31923447441265035,0.8475225303442636,0.04618378217106635,1
-0.08540381785210259,-1.6984624588961041,-1.1930402968717957,0
-0.4352340417370287,0.6707524913951025,1.0629778198737194,1
-0.5117667721792748,0.11860995596279697,-0.8044333723670822,0
-1.8084961682989855,-1.4754916415330175,-0.9693598424534517,0
-1.2865231803445623,-0.23762629701255603,-0.9660710543084705,0
-0.340631104763336,-0.1250450904627623,0.143948968950938,0
-0.14784245210738317,1.0278541133079895,-0.5571122466720813,1
0.6255701884096461,0.5337991511236562,0.8660530797728133,1
1.9441743470707287,0.49662820833916876,-1.3172957476112408,1
-0.2254862398275904,1.1616847806581456,-0.3038921272904663,1
-0.5656998068790388,-0.6654429294154612,-0.9845394399390145,0
-1.0450870168281543,2.0379556341370035,0.20502239870796793,1
0.48520334468112064,-0.22714766047364401,0.18817198352759337,1
-1.498958267436763,0.9446048261309635,0.3761576922326923,1
-1.030699493129695,2.0366261135667654,0.5789258644617393,1
-0.30274306809516227,-1.105496221361952,2.083301169267798,0
-1.3836717921677923,0.32715786516754713,-0.535230226378847,0
1.5848660761521198,-0.026470237974686752,0.5575956831363638,1
-0.21156526726747127,-1.226353206890428,-0.6744520118263517,0
-0.5364139847805712,-1.3591094010065565,-0.6429015398557643,0
0.7225870416372172,0.3313292070616772,0.6899083780869203,1
1.483388191490804,-0.18678869306419255,0.17751329596128856,1
-0.5153489277864914,0.10527770404080358,-1.5163530569309633,0
0.20019469545483898,2.2173158125666195,0.3575483110053572,1
-1.3548547323130573,0.6074930935517391,-0.9743744268805348,1
0.6405159406450288,-0.14195436844005047,-0.8684714696913062,1
-1.2980741622813343,-1.302032417257806,0.333301281295746,0
-0.5741655468677911,-0.7103817610394231,-0.06437355372848468,0
0.3286560911675801,-2.020238336192698,0.9521664261687242,0
-1.4327538670498174,0.6142372301904738,1.6163163839406356,1
-0.7632732140545949,0.34710682164698037,-0.45002525479917954,0
1.0184622021001646,-1.292617855625116,-1.3050036240170102,1
-0.18049352338873187,-0.4331663392963585,0.582187989318468,0
-0.6121426153006868,0.11893108124738504,-0.21483068214569556,0
-1.0734183412165863,-0.018770454892957658,-0.019750262845985758,0
-0.9199200147139048,1.5785074743011078,-1.1857126491290773,1
0.6857749186655362,0.5687292265318701,0.7573249234877782,1
2.800108301239934,-1.2241702404373531,-0.006903274015707225,1
-0.07721917807245232,0.8046533310110237,0.2852806587340316,1
0.042577160898054134,-0.11043879764806658,1.3962267506328532,0
-0.04686640790963551,-0.649010369813154,-0.3966669081787734,0
-0.2926807029362828,-1.1165497173474026,0.8650914125810405,0
-1.6033005835186072,0.7514192601462178,0.4875358914599694,1
-0.8823536931526639,0.08040084314977079,0.7103104464872644,0
-2.002750634967797,0.7565057477640597,-1.0707237891159156,1
-0.18945422165856945,-0.29548972250802635,-1.9622914647780667,0
-0.8257788864888949,0.21099608389606608,-0.29791515796930945,0
1.0678500446863932,0.4753583030409266,-1.3542899060374514,1
-1.7870089442350272,0.41492111017473005,0.29341829596686037,0
-0.36823972452035236,-0.031699446221294406,-1.1942295036758097,0
0.38242825739868885,1.4550952141977649,0.3258010528366044,1
0.34831453335107254,-0.5679565616533665,1.4605759286354285,0
1.9288218886626374,0.8633054853435499,0.0729267618068696,1
2.1897561076175496,-0.8964186037179669,-0.4952560135735704,1
0.1454127973317289,0.0796603173537102,0.21071413707035178,0
1.534141713395101,-0.25776933497175714,0.21955701501281522,1
0.21381619619166634,-1.4506868415309648,0.225146266522916,0
0.8267807728920422,-0.5948447798249527,-0.34152635024797867,1
0.17596809913497521,-0.3159145950103876,1.261719407546272,0
0.35347296842436265,-0.6308191473884593,0.2909813043779049,0
-0.9078986887666088,0.4823282605038871,-0.45881659187064855,0
-1.5202599436861883,0.5433029118593699,-0.5189109647941454,0
-2.002750634967797,1.6460212007180146,0.0008419241167724531,1
-1.1519355796026147,-1.9023971348126527,-0.06101446495891732,0
-1.242510891322485,-0.14476626151640015,-1.0444875321785185,0
-0.1307186845500883,-0.439467825273468,-0.2113867132899842,0
-0.27601771019940397,-0.8250406014712279,0.5549088964272594,0
1.4832326760386552,0.37076113149182055,1.75217280888503,1
-0.524166107748098,-2.020238336192698,-0.48789491934900464,0
-1.057325136305547,0.2270031879378096,-1.2377369773488596,0
-0.06370556472519519,2.394932758616376,-0.2508699881837215,1
1.3933016972707433,-0.07014804435258626,-1.4452558434189144,1
0.612669574561456,-1.4743083820022254,-0.15334214166853308,1
-0.3490604167127807,1.1249084596382222,0.8922604275578597,1
1.8392686669075973,-1.8897278785172449,0.6922057872012339,1
0.2316235325426085,0.5731400679337705,-0.771508711394842,1
-0.831197205554937,-0.9983903297163972,1.2668361917447177,0
-0.48506586368275006,-0.8443461954402159,-0.5364791429051796,0
-0.5064744830019811,0.5878680293105161,-0.013735985960057776,1
-0.2495084641022355,-0.31725554974235215,-0.42022982716362545,0
0.37293229053568006,0.36924836248447773,-0.7000244247083164,0
0.5676025021930843,-0.8540184875156581,-0.17486001173242877,1
-0.06367761934691378,-0.717319090378884,-0.2661920918091869,0
0.23853237927226614,-1.172668114845558,-0.36128510916986384,0
-1.0925149942246073,-1.0354077871970737,-1.1239833534715868,0
-0.12026523503674102,-1.4235896889499664,0.7008579029810966,0
-0.8361941829472841,-0.4179288714667037,-2.048002537738408,0
-0.04934930982012742,0.46835314012424006,2.0543456600856285,0
0.2257018118291343,-0.0821623504711699,0.42234291682059794,0
-0.7307592953433572,-0.288951889673333,0.35138317102283456,0
0.2811067510092103,-0.9593394012554306,-1.7169403220434316,0
0.5824412460754372,1.6003368937403946,0.009332912361635488,1
0.8392757013975649,-0.40439838698953173,-0.8119692853992191,1
0.3092776017469595,-0.730863955275158,0.8411756566351897,0
-0.19388401548517598,0.6981151034426365,-1.4296178181223889,1
0.36450628037887645,-0.3804518107348935,0.2085766993944062,0
-1.698667232344619,-0.24015770612870213,0.16569953831069806,0
-0.3135489636499103,1.1495749469169736,1.0980765824864898,1
1.2591405583616353,-0.7631970170323578,0.05791741367119194,1
-0.5590512898976537,1.0292650481024135,-0.9063762544980207,1
0.07321012894769735,-0.02684504731935545,0.44154550672377046,0
-1.4957699505539475,0.3524182761387928,-1.2983095794120922,0
-0.9576029077889413,0.8383416337525705,-0.5834903987955801,1
0.4189848651559551,-2.020238336192698,0.6027339147972711,1
1.2777897447632665,-1.717037701718629,0.9347536842393475,1
-0.17563065437231054,1.4640166298776782,0.8459784618816568,1
-0.42738278903955695,-0.6350338524121677,0.9379293676835544,0
-0.8493524615744075,0.031585257960600334,0.7161952115314245,0
-1.4083261351941512,0.1463204753420489,-0.04045563016622379,0
0.8322703290543118,-0.37495232336262807,2.1516331675323648,1
-0.3753492435659893,-1.34836809349698,0.09420319888927464,0
-0.4644229862330499,-0.18704514258156202,0.972124988747621,0
1.5358423372368613,-0.6062153080675592,-1.2913293881949952,1
-1.0145610519338326,0.44223697425058545,-0.09058934189987784,0
-0.6016801625237838,0.21261571407122798,1.2087086153906461,0
0.27703985560881944,1.609194888779371,-1.319976799438488,1
0.5839590935210828,0.43892305646072366,-0.27464378157791225,1
0.8763704674662768,-0.7519175467180279,-0.6724358559936509,1
-0.3930341865532812,-0.6312690798464456,-0.25710975365971805,0
-0.0004984924447903236,1.1137109105004201,0.5645014193466705,1
0.2990520054488391,-0.5846585206319745,-2.0867370174976343,0
-0.6163113862125533,-0.863691298153038,1.140924857218498,0
-0.8781958249551165,-0.15805793790171785,0.46048210579001664,0
-0.5310027853283571,-1.3336117840676518,0.3629150292006428,0
-0.05270026571917898,1.2744075610666492,0.9086958833315123,1
-0.12090523372315,0.48805810418239864,1.253644405773809,0
-0.49179218288259835,0.023438001075245574,-1.6702358224806912,0
0.2858498350802467,0.2913209023279692,-0.5458416450869912,0
0.08609923091007791,0.22299652944743992,-0.7748433309205939,0
-0.8320074404369097,0.041285623328195985,-0.6407038540512252,0
0.6227861270837165,0.10033856412055775,-0.21090575325412575,1
-0.6099528319498679,0.9384463123238577,-1.0483338496083077,1
0.700380158591387,1.2716387176607968,0.6314231009784895,1
-0.5940873935562696,-2.020238336192698,0.5041051994901753,0
0.7450328592058733,0.5497313900430963,1.5216353111188172,1
0.7135704366018737,1.1403367040827603,0.31371130211816656,1
0.7628615851687367,0.33475759546430733,0.19313159092197624,1
-1.0438307607187003,0.5656692505867241,-2.0867370174976343,1
-0.03136621917787889,0.8982850524578719,-1.7290646976228028,1
-0.7759293680074241,0.8265995584616627,1.1478779913179207,1
2.221172463966559,0.06220640228718036,1.288950332508206,1
0.46494789364622907,2.2391270526691276,-0.3432283576784111,1
-0.6050629094820237,1.746751293364925,0.8497110258285183,1
-0.8756901152897901,0.20487370818020137,-0.09266571217839317,0
-1.0805015076698765,-0.7575456980786788,-0.28809197382129165,0
-0.07984584362303833,-0.2851553339046808,0.5532309364286039,0
0.3295843437738902,1.4384308329002542,-0.3537784462634449,1
-0.7356028900074961,-2.020238336192698,-0.08508244634024492,0
-1.3585511587201744,0.23259135069134018,1.0188883290169686,0
0.7576395197423311,-0.21094478640094755,0.32586152741711566,1
-1.3286487656728574,-1.0199889116961973,0.4697040528421543,0
-0.16059691157726466,0.6601658611078207,-0.6418606310751365,1
-1.3143821716632047,0.9019766678018011,-1.0308238862223786,1
-0.4056113201525745,0.646823040583952,-0.6278642800962062,1
0.2050156994204699,-0.3012151867890805,-0.7060327884527541,0
1.104388425117871,-0.21927602957770528,1.3554399480268888,1
-1.2241271558678124,-0.04608750959734183,1.8520869860160187,0
-0.11302081257361526,-0.7000067775500757,-0.9974012310553918,0
-1.4622943729371745,1.5734171245577906,0.8421590974120241,1
0.3383550680681514,1.2169518955281147,0.79174911952091,1
0.6898122931581051,1.1495130445531516,-0.6661148984367675,1
0.6788490317668171,2.1958745457672286,1.030229766005544,1
-2.002750634967797,-1.5964879726518184,-0.5414370350687908,0
1.469440802718381,0.007138309424892027,-0.28222553117278615,1
2.2107019225149687,1.432889162707298,1.1441139650640235,1
-0.6262083552824548,0.3735082391547707,-0.230882009137996,0
1.8445316154336164,-0.24141432488825088,-0.6050588733491999,1
-0.6754018490854273,-0.7521890887096975,-0.5821726460682747,0
-1.645802310619737,0.33761238986632114,0.24443115019296313,0
0.6738818349598313,-2.020238336192698,-1.585788635192089,1
0.15240758090228368,-1.729218005963178,0.1826595981930983,0
1.4490523028085585,0.9472592518122056,1.2483340155497793,1
-0.6646406829349245,1.2607265117439408,0.4095272545298445,1
0.5576088193525232,-0.08878805246521113,-0.6484685845684388,1
-1.5149717436504893,1.08470425200819,0.2659350273938611,1
-1.4252337233826402,0.6455460947124354,-1.7798315393807547,1
1.161358899683779,-0.9214571243580795,1.8086717513391386,1
-0.06936709727598893,-0.28644407254543236,-1.900811495272796,0
1.1767872966198079,-1.5192945707146486,0.5024030531830519,1
0.643386554220597,-1.3173934240843594,-0.48034085958986267,1
-0.7345353473252417,-0.7446912893724861,0.007696028253481889,0
-0.5640712910616198,-0.1479055129402284,2.77709123249686,0
-0.7365723569114346,0.6456383768080723,-0.23388252347372365,1
2.7088499398735877,1.3322605082570993,-0.482047403313399,1
-0.05518351088637072,0.13907717640009867,-0.18266805001293374,0
0.03920053788051363,-0.040093868817391354,1.457316335687325,0
0.7114513701605693,0.2070371666427772,0.7703800667134012,1
-0.8616219797879157,-0.2293572129006782,1.1524423882964967,0
1.7971289359104072,1.021483287086134,1.1982045462917523,1
0.042567054472747945,0.43876251252277826,-1.388697301100168,0
-0.9873607729250384,-2.020238336192698,1.805412516983087,0
-0.5051460822763151,0.09677560889514912,-1.3812094285209404,0
0.15710638673021324,-1.536574805585794,0.8923929755135522,0
-0.3838593050427872,-0.48958606126880216,0.2559700081705477,0
0.7540445825529599,0.9989318372265569,-0.21193046372699356,1
0.6082418354931565,0.18370022315345558,-0.32873018251360664,1
0.3325261638831572,-2.020238336192698,1.7079858203729341,0
0.02121706156826033,0.6566282405999545,-0.29549210016893834,1
-1.1400190654565416,-0.4667303148784593,-1.2034101566766733,0
0.5064807380659082,-0.7693956523119548,0.35460467548387975,1
0.17829615713731561,-1.1240214802315138,0.16414253939158674,0
0.36990968347555553,0.01050686713154052,-1.224229390964896,0
2.6336936401064444,-0.007460929915489977,0.91398970732819,1
-0.5156594740564063,0.9977949417768143,0.6692871513862666,1
-0.5253004295555573,0.4396802046177954,-0.8773242322340611,0
0.1895012076331913,-1.3502518368125729,0.3927466590876041,0
-1.0523246504596502,0.16314289419480738,-0.08357371069858423,0
1.1434902012599129,0.2509043539041755,1.5606249638425873,1
1.0456695576857566,0.3007072010451113,-0.026479490409582994,1
0.6068841710423081,-0.8652075732582564,0.2453552097841284,1
0.16653062728862708,0.9210631667722898,0.23615382943715377,1
1.7151054189042265,-1.379687332482579,-1.5152609005786213,1
1.3709991368774201,-0.7748064127047519,1.447839701739062,1
0.39677457241304537,-0.10534606922760384,0.569415317654682,1
0.4997113271559545,-0.07867818183147259,-2.0867370174976343,1
-2.002750634967797,0.4706710848957602,1.2668056927651754,0
0.6526192176220817,-0.38644447372890195,0.6612823849456168,1
0.29182946450881087,-0.3848586287669356,1.4386566857616674,0
0.31783307435951064,-0.7493934155283777,1.0407468532396167,0
0.23277655695436378,-1.1083870029304637,-0.1962048984411372,0
-0.10056141872518398,0.24407088787695588,-0.48667111773946087,0
-0.37668345740935844,-0.06031212534658481,1.8612022384594185,0
1.124922477511304,-0.10021995805992641,0.3829765983830205,1
0.06239247409619301,-0.18866114024325173,-1.6576529309969343,0
0.57939652380322,-0.9207874648236106,-0.5593502948103936,1
1.7262330110620634,-1.6597282101475732,0.012361800034420781,1
-1.400291063648056,-1.571386481436092,-0.8725992824005234,0
-1.3134831883956026,-1.2166222179895092,-1.6731166085266045,0
0.2923515722949809,0.4442010069495447,2.0113249196768432,0
1.9279201630837868,0.42727001128872555,-0.4860686608087661,1
1.0268588472804154,1.6799857782963765,0.8711043214279244,1
-0.17768991077658677,1.0910079683176124,0.559435224092051,1
-0.7744740228041407,-1.4958754174858506,0.7047662526903997,0
0.1948198298594461,-0.9630122696823509,-1.296655524341146,0
-1.289821036240948,-2.020238336192698,0.6791287278864814,0
0.46432905857535584,-1.0991974081717442,-1.4897301185757255,1
-1.4849039958879575,-1.2648457176721577,-0.2864088582845857,0
1.2084111475896722,0.8632283344208653,0.2146170519336332,1
-1.876675265226368,0.24810046241911485,0.9157627336037069,0
0.16431338236227738,0.0442846527662256,0.23888085255825614,0
0.564675670197381,1.0045069327352452,1.1629984288877666,1
0.13218244290605974,0.4848440405244246,0.005894039969560886,0
1.5275793563402824,-0.3457254772799555,1.3073212567571686,1
-0.42817081639812626,-0.40430281292856035,0.46547589084166,0
0.8555756584887111,0.7799866063805404,-0.8516316967146637,1
-1.685095415676128,-1.1656802360368326,-0.7619544904594916,0
1.430642082116006,0.5738408966525569,-0.03391191336080446,1
0.47392901080386235,-1.70600590445437,1.4088602580066605,1
1.098255802165546,0.040900892939096045,0.7320016610893826,1
-1.7983584635961491,0.42136276782939025,-0.4666100786722129,0
-0.5213467294451289,-0.05013281901142536,-0.9454442766857555,0
-0.8057042652041568,0.872191926471694,0.26742531160891153,1
-1.532892194830859,-0.5654893987494011,-0.9355537477066019,0
-0.7586025107836657,-0.9555059089133503,0.8362483821181438,0
-1.4412485196065348,-1.7063934570071684,-0.4452916443457375,0
0.21585477299106554,0.2877529098280185,-0.32470085928804093,0
-0.4011203734088526,0.3523100218194993,1.4249132670651488,0
-0.5510052133463269,0.25396525603706027,0.7303722265756613,0
0.04859586254442885,0.3518332750655067,0.9616173130003374,0
-0.022170184031450796,1.1382983338531203,-0.580526117284859,1
0.5543043363772109,-0.0002308723623165535,-0.5188843885629233,1
0.7081164868250789,-0.04030957639388101,-0.2273019043332808,1
0.46366360421325864,-1.753280182702229,-0.5642452229769906,1
1.6122073808558355,0.43154776157644603,0.7715544764132833,1
0.05749036092174886,2.128411057940415,-0.2699663467459237,1
1.7073963994334223,1.3720551164542687,-0.23993187346065,1
0.2624333079393938,-0.6453255886511772,1.901935066224922,0
-1.0420822599480561,-0.760288328307587,-0.4967083181228498,0
0.20329611017824875,0.1903593685225997,-0.0974836202649919,0
0.1741434288502066,-0.5724862401659417,1.329082136156635,0
1.6285628515577812,1.8478702352274694,0.4107247949717035,1
-0.06205810201115858,1.2668857930743123,-0.046139854159599245,1
-0.6260208069736966,1.607078711039916,0.6384896030225641,1
0.3276483905402409,1.2580444861840556,-0.2527363235314029,1
0.8462628713640319,0.5915602909219344,-1.4320630096544644,1
-0.891428602760612,1.4394521999740721,-1.3845370404739668,1
-1.5143129608597077,-1.0181059281641396,0.3173343970316525,0
1.0799901505500689,-1.1040395215416114,-2.011777369604904,1
-0.06160878626782905,1.1256771064547735,1.4177790476065777,1
-1.1058819558767627,2.0420918557144416,-0.3030658752362164,1
0.034990591134065045,0.8125728901875281,0.02845776914627738,1
1.1775505531528214,-0.5753892363189959,-0.2669139334653455,1
0.01975260290999064,-0.17640963460678427,-2.0557528167886265,0
2.062070399278576,-0.5092513114802706,1.2597564679141984,1
-1.3214918106719646,1.591304036262214,-2.0867370174976343,1
-2.002750634967797,-0.4638553404193556,0.589257798493293,0
0.9695808845686372,-1.750443096287412,0.506093636468134,1
0.414659687280898,-1.509022088860972,1.3047079482542483,1
-1.1947376920763633,-0.6515701140823321,1.5167342319584867,0
-0.7049870226282471,2.576861574265411,0.9111312389737766,1
1.095895503814055,-1.5894464889862534,-0.37867945304688116,1
-1.1821112342981022,1.1707581091866421,0.3484243502679654,1
-0.350156489619529,-0.4002866564990223,-0.6536676013865593,0
-0.2676873247892785,1.140033990326863,0.0022361486720647596,1
0.7121321764758574,1.2853428778185099,0.834625008431946,1
1.2265952637842008,0.49354297378382883,-0.31185924571117396,1
1.735916064261458,-1.090984946637593,1.606360411393699,1
0.3078582009881416,-1.6114893126582597,-1.854828731135909,0
0.4337476143751133,-0.8128526274118332,-2.0867370174976343,1
0.5105069561959604,-1.042300833668992,-2.0867370174976343,1
-0.15838198961100414,1.2366571046777366,0.7093516298950311,1
-0.19187704345907552,-0.7494260281724167,0.19052177869156858,0
1.6211095344189146,0.6454369670935606,1.2236162969792712,1
0.8791925282028868,-0.7757647499940185,-0.38681237054500683,1
-0.8167713570692158,0.6805100159617328,0.020039996900115726,1
-0.5182141270125877,-0.2765159372315027,-0.6869563980786328,0
1.473232414977631,-0.7599690953870842,1.5624099475048268,1
1.0450242933043523,-0.36241970942770374,1.885299099974086,1
-1.60272566201958,-0.2236066319044875,-0.828541178194104,0
-1.4907386441650803,0.8788788303839551,-0.9081255349321867,1
-0.5340084239478036,-0.5530207885151047,-0.8694004599231936,0
-1.3739097373266143,-1.1869613278254274,0.39845830811824506,0
0.884433538238918,0.44737170489803,0.08281990871528569,1
1.5998064269283498,1.0508450353799026,1.6216002611534286,1
0.02065150301424966,0.3767220409518659,0.763944570087533,0
0.2051155702795532,1.0998489565889669,1.494853790610317,1
-0.6209358546148137,-0.7773616834097528,-0.5458238170509,0
-0.508175711649156,-1.6474045758994844,-1.0545459589313517,0
-0.31112877791948174,0.35669179537388856,-0.8272725038675137,0
0.2729816611732318,1.2208592623070056,-0.6242481704729919,1
-0.5345082774311897,0.8574807615998941,-2.0867370174976343,1
0.4471928316938617,3.1527379659118036,-0.25911488123221427,1
0.7737253561732372,1.1166634138390434,1.0191870828344163,1
1.0671751762338237,-0.8613110537115352,-0.8932562667398941,1
-0.5492186458026934,0.35848178862497676,-1.2790886629676919,0
0.4973341508039212,-0.6855795279189608,2.0344190256725176,1
0.9329434753069283,0.445028695009576,0.6307585309296099,1
0.6548936851659385,-0.420520045491123,0.5640366446636568,1
-0.8210610210780177,-0.4694097476286572,0.9413982358862651,0
-1.2967392255406025,1.5389920291501513,2.8461423555127707,1
0.8411156467094313,-0.11370012654970084,-0.7493543337011598,1
-0.9523086538776598,0.6978812913467617,1.0093162074980029,1
2.6474938339192247,0.26399742622725525,-0.6957258553347353,1
0.8253042888143178,0.47843997345041267,0.13244735479994132,1
0.4624349427406848,-0.3433447491053019,-0.25286474405111486,1
2.5247658791895944,-0.9791670426205024,-0.8816836897090464,1
1.8920351034826055,0.5561341142738827,0.321899918496867,1
-1.7975280410204757,-0.3981763712743201,-0.9257842134897718,0
-1.549006181845596,-0.1686023427997914,-0.09247217921853129,0
-0.3665363163698553,0.8269973380362342,0.25072740479936095,1
-0.8514796582720705,-0.4765519347325276,0.09579770591524432,0
-0.6771462534376844,-0.013014419966738118,0.031147720482065093,0
0.8345805360449926,0.39603324235553594,2.7022215906911162,1
-0.40286064433503455,0.5201411803870762,-1.067634083298268,0
2.01479265604615,-0.22818733200988245,0.06476893770699138,1
0.2368598708778242,-0.9386165362327225,0.389842903458858,0
0.5863891513640976,-0.574290907945888,-0.41298457993628285,1
0.5077794563389579,-0.8097359218226903,1.5241771960651023,1
-1.4000588237743736,1.9924375340000793,-1.5649433532331836,1
-1.1514246830667676,0.1347055238331753,-0.04653392972483535,0
1.3797856850768457,-1.0879764966576986,-1.0544451956009855,1
-0.06399322735372452,2.15502911566221,-0.048786420520800886,1
-0.6905785956155172,0.9151392493537402,-0.6439483825057464,1
-0.273804068324907,0.20260621355140526,-0.08248997970488656,0
-0.2710334482743539,0.6352356283258328,-1.976479980159618,1
-0.679379688395818,0.04183719779579519,-0.5491747659881541,0
-0.297477288065209,-0.1674927866577682,-0.8924326393514626,0
-0.09597137350193057,1.9356384452717101,1.0073627814374493,1
0.2634178579710155,0.8260318131173265,-0.2227750455169664,1
1.7037090594532043,0.8953775427520339,1.5967707287098947,1
0.5722693649808155,-1.1156036191518244,-1.441704018157671,1
-0.21887959662914666,1.0353887744012344,-0.010120417334102053,1
0.48110408002839716,0.24942138543882253,0.7445552459639914,1
-0.02230557811266557,0.860311489310197,-1.6242556301535689,1
-0.4792982163690506,-1.9460810651232439,-0.11288908462414698,0
0.3337044803467227,0.7485808688128532,1.3763459507096936,1
-0.25538538576216424,-1.4852493932607358,-0.06598231116116604,0
-1.1374572841543813,-1.5525632343030351,-1.3608277635938273,0
-1.481490671847435,-0.9296575712507239,-0.35731634706364274,0
1.0713015043175718,-1.712085775763745,-0.023589376306534623,1
-0.04165215859005895,0.32667817860595394,0.47974337368606135,0
0.6175933559450218,-0.7998592957045959,0.48293934970942526,1
-0.25007157599068347,-0.30007484973921594,-0.1787839638233929,0
0.3443136841989229,0.04392145172721743,1.8560635526813485,0
-0.9834011457631263,-0.33726660465877684,-0.3808759775728223,0
0.36293256172005395,0.038562280507470015,1.2700850077579717,0
2.599230634174734,0.9103864692422237,-2.0867370174976343,1
-0.7868678668894911,-0.6606172165343329,-0.7234962934400172,0
0.8888801429116665,1.217635677490672,-2.0034868213624866,1
0.6297930462651565,-0.7278574931160241,-0.19715812991033274,1
2.248770437776079,-0.7102792018717563,-0.44246307438099847,1
0.264481560793797,-1.2239404104327747,-0.6332060984262954,0
1.198307479148387,1.4920187410202275,0.3909640150830483,1
-1.4907884594235907,1.5817039133029822,-1.0592098185668082,1
0.4837493084688624,-0.7846836347820876,-0.9772893356548682,1
0.4702983175349985,0.365208291577927,-0.058332448767783276,1
-0.9378629979626255,0.9714899832391719,0.8051854839267184,1
0.8180639176534659,0.5311896648970863,-1.298152752908936,1
-1.1777026712414311,1.1001791760567872,0.39072453466637536,1
-2.002750634967797,-0.7145797714646364,2.435950828621416,0
-0.08406301227422734,0.9319321901532767,-1.470670708986242,1
0.075970530302431,-0.15149420147929618,0.7274657550784949,0
-0.49781255112237466,1.074738186855429,1.2957464400805823,1
-1.7630377876588441,1.1747571492023776,0.16763733918893983,1
0.995623040629001,-0.11959789012923892,2.2855781937156796,1
0.17667073998607166,0.45247388094941354,-0.562179494384011,0
0.817033320078606,-0.45933175694447853,0.26106915192007457,1
1.476572753828448,1.57844800350259,1.7881831570602242,1
-1.8207454048442149,1.7061465121176436,0.84571151186281,1
1.9119293511681281,-0.7954521538938314,-0.40280156990961763,1
0.7400456429030491,1.6524471144710646,-0.7339465623307071,1
0.05280636024802759,-0.6675889734846139,-0.5250197343132899,0
-0.8678810777607845,1.799070654510832,0.25580236431320613,1
-0.10332992767426503,-0.31711906991620725,-0.29030725136426866,0
-0.12747950974834413,-1.7384768683421727,-0.6685134600470994,0
-0.8310053381579395,-0.7803238485118383,-0.4665639581377349,0
0.18827880212312462,0.03339704500256911,-0.5916600569513882,0
-0.7313099389675466,0.4245156605280664,-0.6960180508559157,0
-0.04469351607340201,-1.8225534363404148,0.28887597468196874,0
-0.36171524317074116,-0.3974435774689392,0.03763452479045455,0
-0.6633195423691367,0.11033567978176927,0.3864322790002623,0
-0.0868185851652432,-0.5347120137749838,0.11409340719004364,0
0.15000053435638633,-1.050644849980837,2.0200614621208177,0
-0.747929711922771,-0.1873563016732917,0.5275794871636406,0
1.062867701755492,0.41951780056315274,1.1167341238701505,1
0.9265346253095156,0.7748661929443995,1.5522001301312525,1
-0.008458384536364735,-0.6384007434968679,1.0343228408869685,0
0.009036706725465016,-1.3487375056696427,0.7557604330003096,0
-0.8518456744920301,-1.9023496099010369,1.5274212384512056,0
1.841149044157939,-0.11267471933660864,0.2531823969838775,1
-1.571923322257328,-1.0049840756535295,0.8298307757119596,0
1.58107510217153,0.7335461032326887,-1.156358692356892,1
0.1082890654705123,1.1902979912449243,-0.09844013191871417,1
0.5553377220031579,-0.5284368170821677,-0.21180198102368863,1
0.7905861107169848,2.278864652592005,0.24152529327697275,1
-0.45578454903749455,0.29380226376737245,0.5401353707584009,0
-0.8367015186366753,1.8116337462141574,-0.516918262021712,1
-0.6506966150827109,0.4685006168173426,0.16930536535862606,0
-0.759815931949837,0.5697040068783936,2.0715528505212206,1
0.571733830472854,-0.21011987561417864,-0.2532189303960806,1
1.4374543346223094,-0.005997353344680161,0.8619654003544682,1
-0.6123289496325398,1.6639260105490112,-0.787699319789555,1
0.3924065217553844,-1.1584512710756019,1.6885045173879203,1
-0.45183263402823215,-0.37562566055899704,-0.43690352745504096,0
-0.6273366895370979,-0.8628058936333826,1.0589747997897636,0
-0.1713527488286312,0.8688829904883058,-0.1637287563243274,1
0.7087449023131114,0.3973368077398433,-0.2518532558828891,1
-1.032833342479013,-0.732055382285461,0.745199259153444,0
2.129844636259474,-0.8564013273467584,0.07485500610327211,1
-0.2559793373211519,-0.44510220453718885,-0.01340341359559895,0
-1.0025295524068307,-0.04341656733140391,0.47564807470479736,0
0.8274485828558413,-0.5839367946410806,1.0848437682991658,1
-1.6599354490857094,-1.4475215166323259,-0.30919361541497187,0
0.022819030814833895,0.005926995177299456,-1.4141948931285375,0
0.6855579351071995,-1.2237771124407582,-0.07840493479809534,1
-0.5788461844159055,0.49827989389778027,0.6929235465045169,0
0.2053322710825222,-0.11348303743133306,-0.5692515877694824,0
0.9793257198158403,-0.12371774346681416,0.29745900086271765,1
-0.6136364613896118,0.09055768233750391,-0.6983029356764178,0
0.12489377879169794,1.5644406819745706,1.7735133199415825,1
1.2210908442533832,0.6750906825275516,-0.9418814407829919,1
0.21360437915603864,-1.617667062017354,1.123131040240379,0
-0.7835107124106394,-0.7166294455705406,-0.2794535441320345,0
-0.14689455527982098,-0.2953933473849573,0.5917310612538038,0
-2.002750634967797,-0.7965227882215762,-0.9880597837199473,0
-0.005786857767634455,-1.4390735710915363,0.42297891609951227,0
0.7593000734061595,-0.27404828672452136,-1.9587970795379999,1
1.9227367686120607,1.5261176919281072,-0.9718195471179188,1
-0.016983533714830176,-0.4118278806259626,0.02144474706490361,0
0.8269446628928714,1.3432140572338964,-0.854317809768178,1
-0.07904082266687994,-0.2179518249123037,0.29243262746280957,0
-0.28457244868754117,1.141610129666895,0.0607079277952586,1
-2.002750634967797,-0.27843188814524306,-0.3979426662529909,0
0.05791641712538125,-0.30318455087233753,0.39417826116420945,0
-0.8138794387083367,0.14656082751012006,-0.5835078739397812,0
0.7892508754198502,-1.0880205576529693,0.25967803447164167,1
-0.7039913719535491,-0.26093014670459813,-1.1385932300607526,0
-0.9825983203192333,0.15536493080624936,-0.9720608645415661,0
0.8723674768580347,-1.1324982045408836,-1.6351199801077319,1
-2.002750634967797,-0.01617372116219421,-1.0460069058783386,0
1.8378966692545151,1.354989791322403,-0.9567403082511714,1
0.8779493069079685,-2.020238336192698,-0.9730543904607795,1
-0.2774495245425822,-0.5647740838351969,0.472395159756377,0
-1.6023682284645673,-1.0846024037538513,0.5960220292013466,0
0.3676103272221042,-1.6381230719711382,-1.2609397901106996,0
-0.21983472762804193,0.10001621079874476,1.363346889311938,0
-0.28650460031685554,0.5836963713773946,0.7338718979393235,1
-1.2013177313212549,-0.1102747295528742,-0.3269884931415471,0
0.2535299443496678,-1.2634878606589321,0.48545213014323857,0
0.3167409525432071,0.47567008647090925,0.2581661932777111,0
1.6823914565918852,-0.8952925787195858,0.30092494436377454,1
0.2736118438823114,-0.10735601271740161,-1.0647454730017751,0
-0.8928896338416835,1.3516684034027402,-0.7579968540344377,1
-0.8128733568554767,0.43180543784108555,-1.2068537736768876,0
2.178448828581805,-2.020238336192698,-1.5179392261735152,1
-0.2623251293371601,-0.6773435156751262,0.2735209899271558,0
0.8180560358475952,0.49033445177282914,0.5019069737247709,1
-1.272865360928224,0.6093932231665662,0.4752293645910278,1
-1.0408435598283015,-2.020238336192698,-1.1658580725452496,0
0.17930964385427167,2.30815898267408,0.6901472744960163,1
1.1338544825564951,1.3330649745459893,1.7970047765050539,1
0.8626411080312327,-1.4619720923919466,0.4650420286590819,1
0.12871939654206285,0.2235534507787974,-0.8000500053006175,0
-0.3490185726607348,-1.7200770845630717,-1.8548402356187967,0
1.3005772243746772,2.148898864770652,-0.9648442855051511,1
1.5108425526016982,2.5546639745605515,-0.728779772159619,1
-0.5546098465499046,1.1433984240471577,-0.559129528546011,1
1.8564947933633016,0.48380735136430464,-0.21756722091110478,1
0.5411093637959895,1.0352994579123,0.5400074409708765,1
-0.5961039532763216,-0.20714820999301428,-0.9415948987868011,0
-1.6396006718640868,0.24632336097898005,0.4404826942907321,0
-0.5925339900389719,-0.7125561763803496,-0.9968120238937589,0
-0.8574845778812694,-0.307096511181227,0.46111828281036776,0
-0.27148435846688507,0.27225791923837706,0.8337047057661862,0
1.4809031980222263,-1.501058399676601,0.1518912170436561,1
0.3141292888281362,0.16111609486213124,-0.1671091067007084,0
-0.6031628206481218,1.2456727477055296,0.503919671631509,1
-0.04035226147661656,1.4943741022284607,-0.31861593665858595,1
-0.3553567849617172,-0.3896832000378282,-0.5010990798549059,0
0.6108307228475551,1.6379756890386785,-0.8050151263069066,1
-0.9729674941153079,1.1396668729842672,0.7992079741264996,1
2.514840167828674,-0.2715545172073157,0.6066358559691267,1
1.49598191804828,0.45424169600301145,0.04816318490936688,1
-0.5710136551135658,0.276531924786534,0.3869351395793515,0
1.5712320593321119,0.4069832529855807,1.2671669068925349,1
1.9331478441149552,0.5470549100000502,-0.947347805594954,1
1.4706425899565363,1.0408870827545675,0.346378961928231,1
0.1833257306100148,-0.22390752682373805,-0.5644974774582401,0
0.04940339108329927,0.20630661735921518,-0.3969257888400451,0
-0.38388729221064843,2.0698218946937876,-0.9152635040614112,1
